Date,Temp,Q,P,E
10/9/2016,15.4,0.25694,0,2.79
10/10/2016,14.4,0.25812,0,3.46
10/11/2016,14.9,0.30983,0,3.65
10/12/2016,16.1,0.31422,0,3.46
10/13/2016,20.1,0.30866,0,5.64
10/14/2016,13.9,0.30868,0,3.24
10/15/2016,11.1,0.31299,0,3.41
10/16/2016,9.1,0.31454,0,3.26
10/17/2016,11.3,0.32613,0,3.54
10/18/2016,8.3,0.32675,0,1.17
10/19/2016,9.9,0.32892,3,2.19
10/20/2016,9.8,0.34611,0,2.56
10/21/2016,9.8,0.365,0,2.76
10/22/2016,10.8,0.35025,0,2.79
10/23/2016,12.2,0.33827,0,2.96
10/24/2016,13.5,0.32668,0,2.58
10/25/2016,10.8,0.31485,0,2.72
10/26/2016,7.1,0.32415,0,2.33
10/27/2016,8.2,0.32593,0,2.45
10/28/2016,9.2,0.30298,0,2.75
10/29/2016,10.4,0.29713,0,2.9
10/30/2016,10.2,0.31015,0,2.65
10/31/2016,7.1,0.31949,0,1.87
11/1/2016,2.6,0.36062,7.2,1.07
11/2/2016,1.5,0.34799,0,1.6
11/3/2016,4.6,0.34204,0,2
11/4/2016,6.7,0.34012,0,2.3
11/5/2016,6.5,0.33748,0,2.21
11/6/2016,7.4,0.33705,0,2.02
11/7/2016,8.7,0.33715,0,1.8
11/8/2016,9.9,0.33777,0,1.66
11/9/2016,11.4,0.34441,0,2.05
11/10/2016,15.6,0.32208,0,4.05
11/11/2016,9.9,0.31878,0,1.61
11/12/2016,8.4,0.32086,0,1.49
11/13/2016,9.6,0.32719,0,1.67
11/14/2016,9.2,0.32181,0,1.58
11/15/2016,8.3,0.32726,0,1.86
11/16/2016,1.7,0.32187,0,0.77
11/17/2016,-1.2,0.32066,0.8,0.9
11/18/2016,-1.2,0.31956,0,1.27
11/19/2016,0.7,0.32028,0,1.38
11/20/2016,2.2,0.32597,0,1.56
11/21/2016,4,0.32177,0,1.64
11/22/2016,3.9,0.31855,0,1.72
11/23/2016,1.9,0.31396,0,2.09
11/24/2016,1.5,0.3137,0,1.66
11/25/2016,2.8,0.31236,0,1.7
11/26/2016,1.8,0.31034,0,1.86
11/27/2016,3.1,0.31096,0,1.71
11/28/2016,3.4,0.31069,0,2.04
11/29/2016,4.9,0.31847,0,1.87
11/30/2016,4.3,0.32066,1.2,1
12/1/2016,-0.4,0.31525,8.6,0.16
12/2/2016,-3.1,0.32193,2.6,0.49
12/3/2016,-0.7,0.31991,0.2,1.32
12/4/2016,3.2,0.32818,0.2,0.86
12/5/2016,1,0.32432,0,1.04
12/6/2016,-1.9,0.31906,0.2,1.1
12/7/2016,0.3,0.3207,0,1.54
12/8/2016,-2.2,0.32389,0,0.89
12/9/2016,-3.4,0.31372,0,1.38
12/10/2016,0.8,0.31889,0,2.16
12/11/2016,2.1,0.31752,0,1.65
12/12/2016,3.2,0.31818,0,1.02
12/13/2016,2.2,0.33261,0,0.31
12/14/2016,-5.6,0.34409,18.8,0.46
12/15/2016,-11.2,0.30288,0.4,0.65
12/16/2016,-9.1,0.30754,1.8,0.66
12/17/2016,-8.3,0.30993,1,0.42
12/18/2016,-9.4,0.30934,0,0.57
12/19/2016,-14,0.33259,0,0.71
12/20/2016,-10.8,0.39135,0,0.85
12/21/2016,-7.8,0.30206,0.2,0.48
12/22/2016,-3,0.31244,2,0.45
12/23/2016,-1.3,0.32901,2.8,0.27
12/24/2016,-0.9,0.3275,1.4,0.39
12/25/2016,-2.2,0.32915,2,0.37
12/26/2016,-2.5,0.34204,0,0.39
12/27/2016,-2.2,0.55578,5,0.34
12/28/2016,-3,0.41368,0.2,0.81
12/29/2016,1.1,0.93704,3.4,1.47
12/30/2016,0.3,1.02048,15,0.56
12/31/2016,-2.7,1.00001,22.6,0.42
1/1/2017,-6.8,0.60908,0,0.61
1/2/2017,-7.2,0.51543,0,0.56
1/3/2017,-5.2,0.47727,0,0.75
1/4/2017,-7.2,0.45937,0,0.78
1/5/2017,-1.2,0.47299,0,1.04
1/6/2017,3.4,1.05586,0,1.58
1/7/2017,2.7,1.65923,0,1.87
1/8/2017,0.2,1.80464,0.6,1.19
1/9/2017,-5.8,1.20653,6.2,0.72
1/10/2017,-5.8,0.90401,0,1.2
1/11/2017,-0.6,0.86237,2.4,0.8
1/12/2017,-2.8,0.77697,0,0.91
1/13/2017,-3.5,0.77964,4.4,1.11
1/14/2017,-5.5,0.73058,0,0.86
1/15/2017,-3.8,0.68576,0,0.96
1/16/2017,-0.7,0.67016,0,0.76
1/17/2017,0.1,0.66723,0,0.85
1/18/2017,0.6,0.68812,0,1.18
1/19/2017,0,0.76743,0,0.96
1/20/2017,-4,0.82303,0,1.13
1/21/2017,-2.8,0.78899,0,0.83
1/22/2017,-7,0.75414,0,0.93
1/23/2017,-5.6,0.72438,0,0.82
1/24/2017,-3.5,0.70252,0,1.11
1/25/2017,2.4,0.72035,0,1.63
1/26/2017,-2.7,0.72448,0,0.84
1/27/2017,-7.8,0.70397,1.4,0.56
1/28/2017,-9.9,0.66802,0.2,0.84
1/29/2017,-9.7,0.62772,0,0.73
1/30/2017,-10,0.59415,0,0.83
1/31/2017,-11.4,0.58368,0,0.7
2/1/2017,-12.7,0.54105,0,1.13
2/2/2017,-11,0.52362,0,1.08
2/3/2017,-4.7,0.52503,0,1.5
2/4/2017,-1.6,0.5354,0,1.18
2/5/2017,1.1,0.56387,0,1.1
2/6/2017,1.6,0.65902,0.6,0.78
2/7/2017,2.4,0.8744,0,1.2
2/8/2017,4,1.29755,0,1.96
2/9/2017,3.4,1.40119,0,1.35
2/10/2017,1.3,1.57763,0,1.34
2/11/2017,-1.8,1.72002,0,1.07
2/12/2017,-1,1.58463,0,0.9
2/13/2017,-4.5,1.4067,0,0.9
2/14/2017,-5.7,1.16709,0,1.07
2/15/2017,-7.4,1.10043,0,0.72
2/16/2017,-6.1,1.02773,0,0.93
2/17/2017,-6.3,0.94651,0,1.14
2/18/2017,-3.6,0.92533,0,1.48
2/19/2017,-0.1,0.94815,0,1.43
2/20/2017,-0.1,1.01572,0,1.57
2/21/2017,2,1.05628,0,1.76
2/22/2017,2.9,1.33197,0,1.71
2/23/2017,3.4,1.6277,0,1.98
2/24/2017,3.1,1.95445,0,1.81
2/25/2017,4.3,2.34129,0,1.68
2/26/2017,4.3,2.37334,0,1.66
2/27/2017,4.9,2.20938,0,1.61
2/28/2017,6.8,2.18346,0,2.15
3/1/2017,8.9,2.62591,0,2.53
3/2/2017,7.2,2.9453,0,2.29
3/3/2017,4.1,7.98505,13,1.5
3/4/2017,3.6,6.01421,1,0.99
3/5/2017,2,5.06203,1.4,1.85
3/6/2017,5.2,4.53824,0,2.71
3/7/2017,6.8,4.41068,0,2.62
3/8/2017,7.1,4.18839,0,2.95
3/9/2017,8.7,4.12639,0,3.36
3/10/2017,7.7,5.0048,0,2.14
3/11/2017,4.2,5.41814,6,1.2
3/12/2017,3.000000,3.56697,0.6,0.78
3/13/2017,4.2,4.75051,35,1.83
3/14/2017,2.2,3.95555,0,1.25
3/15/2017,-0.5,2.75738,4,0.83
3/16/2017,0.4,2.23787,0,1.32
3/17/2017,0,1.8459,0.2,1.41
3/18/2017,-2.1,1.68861,2.4,1.43
3/19/2017,0.7,1.54701,0.6,2.92
3/20/2017,4,1.47741,0,1.66
3/21/2017,5.9,1.377,3.2,2.38
3/22/2017,6.9,1.41709,0,2.92
3/23/2017,4.6,1.54306,0,3.08
3/24/2017,5.3,1.53815,0,3.17
3/25/2017,7,1.58439,0,3.73
3/26/2017,9.5,1.74689,0,3.35
3/27/2017,8.4,1.86055,0,2.94
3/28/2017,5.3,1.98993,2.4,1.19
3/29/2017,5.7,1.93337,0,3.39
3/30/2017,8.7,2.02163,0,3.24
3/31/2017,5.3,2.2128,0.8,1.35
4/1/2017,5.6,2.32572,6.6,2.29
4/2/2017,5.9,2.49568,0.8,1.73
4/3/2017,7.1,2.54935,0.2,3.73
4/4/2017,9.8,2.46237,0,4.15
4/5/2017,12.5,2.77,0,4.52
4/6/2017,11.9,3.17902,0,4.26
4/7/2017,9,3.36606,0.6,3.45
4/8/2017,6.5,3.25264,0.2,2.94
4/9/2017,1.4,3.06173,15.8,1.41
4/10/2017,2.2,2.82926,0.4,2.17
4/11/2017,1,2.66709,0,3.58
4/12/2017,8.8,4.24208,0,2.8
4/13/2017,8.2,5.32058,1.4,1.42
4/14/2017,7.9,7.04896,2.4,1.68
4/15/2017,7.6,12.02592,40.4,1.92
4/16/2017,9,12.03915,1.4,3.57
4/17/2017,9.9,10.54046,0,4.28
4/18/2017,9.9,10.57744,0,3.73
4/19/2017,9.5,7.94985,0,3.56
4/20/2017,10.8,5.67908,0.4,4.57
4/21/2017,12.2,8.40682,0,3.9
4/22/2017,12.1,9.19498,0,5.91
4/23/2017,12.5,9.67406,0,6.42
4/24/2017,4.5,7.8204,0,3.86
4/25/2017,7.3,6.13598,0,4.36
4/26/2017,9.5,5.37375,0,5
4/27/2017,12.1,5.29271,0,5.12
4/28/2017,13.5,5.28437,0,4.9
4/29/2017,14.4,5.29549,0,4.93
4/30/2017,15.7,5.12463,0,6.29
5/1/2017,14.3,5.23725,0,2.89
5/2/2017,11.7,5.51805,0,3.28
5/3/2017,12,5.51519,0,3.22
5/4/2017,11.7,4.97585,0,2.54
5/5/2017,14.2,4.74847,0,4.1
5/6/2017,13.2,4.7589,0.4,3.76
5/7/2017,10.1,4.76674,0.4,2.72
5/8/2017,13.6,3.84802,1,5.14
5/9/2017,15.7,4.68358,4.2,4.22
5/10/2017,19.9,5.00539,0,8.31
5/11/2017,14.5,4.8619,0,5.34
5/12/2017,14.8,5.55244,0,5.92
5/13/2017,18.4,5.00628,0,6.8
5/14/2017,21.7,4.78149,0,8.31
5/15/2017,16.1,4.90802,0,5.97
5/16/2017,13.5,4.55758,0,5.3
5/17/2017,14.1,3.92714,0,5.24
5/18/2017,14.3,3.75991,0.2,3.55
5/19/2017,12.8,3.6078,0,4
5/20/2017,8.8,4.04944,3.4,0.98
5/21/2017,11.3,4.43005,13.6,4.57
5/22/2017,9.2,3.74314,0,2.2
5/23/2017,8.3,3.76401,7,1.61
5/24/2017,10.9,3.43705,1.6,3.46
5/25/2017,12.2,3.04894,0,4.19
5/26/2017,12.6,2.95645,0.2,3.76
5/27/2017,11.1,3.23035,9,3.24
5/28/2017,11.2,4.27768,10.2,4.03
5/29/2017,13.7,4.21964,2.6,5.33
5/30/2017,13.1,3.83986,0,4.33
5/31/2017,12.4,3.75441,1.4,3.29
6/1/2017,12.7,3.65352,3.8,3.34
6/2/2017,15.1,3.22426,1.6,4.56
6/3/2017,17.2,2.9351,0,4.85
6/4/2017,17.4,2.94474,0,4.45
6/5/2017,16.7,2.89179,0.6,5.76
6/6/2017,16.2,2.6601,0,5.85
6/7/2017,18.6,2.31462,0,6.54
6/8/2017,20.6,2.36443,0,6.87
6/9/2017,21.4,2.26619,0,7.57
6/10/2017,17.2,2.13791,0,5.02
6/11/2017,17.2,1.80939,0,5.68
6/12/2017,18.8,1.59613,0,6.52
6/13/2017,19.1,1.42287,0,6.05
6/14/2017,14.7,1.41077,2.2,2.98
6/15/2017,16.9,1.30944,0.2,5.16
6/16/2017,17.6,1.21113,0,5.64
6/17/2017,17,1.07027,0,4.7
6/18/2017,17.7,1.0853,1.6,4.66
6/19/2017,16.6,1.036,0,4.95
6/20/2017,13,1.19098,5.8,1.99
6/21/2017,12.7,1.21252,0,3.09
6/22/2017,16.2,1.21173,3.4,4.07
6/23/2017,17.5,1.132,0,4.58
6/24/2017,19.5,0.99943,0,6.76
6/25/2017,21.1,0.85824,0,6.99
6/26/2017,22.1,0.81526,0,7.09
6/27/2017,23.8,0.74039,0,7.57
6/28/2017,24.6,0.64463,0,7.81
6/29/2017,24.2,0.57942,0,7.88
6/30/2017,23,0.54114,0,8.41
7/1/2017,24.7,0.47672,0,7.84
7/2/2017,26.1,0.42535,0,8.01
7/3/2017,26.9,0.44631,0,7.8
7/4/2017,26.8,0.4428,0,8.41
7/5/2017,23.4,0.43939,0,6.73
7/6/2017,23.4,0.42986,0,7.53
7/7/2017,20.6,0.44329,0,6.9
7/8/2017,20.2,0.4467,0,6.68
7/9/2017,21.3,0.42704,0,7.16
7/10/2017,23.2,0.44906,0,7.8
7/11/2017,23.1,0.48092,0,7.7
7/12/2017,23.8,0.49565,0,7.62
7/13/2017,23.3,0.4732,0,7.68
7/14/2017,23.6,0.4488,0,7.93
7/15/2017,24.3,0.4287,0,7.53
7/16/2017,24.1,0.39434,0,6.47
7/17/2017,24.8,0.37553,1,6.88
7/18/2017,24.8,0.36946,0,6.92
7/19/2017,22.5,0.36786,0,6.34
7/20/2017,23.5,0.37289,0,6.12
7/21/2017,24.5,0.73021,0,7.04
7/22/2017,24.8,1.63491,0,7.67
7/23/2017,24.4,1.55586,0,7.78
7/24/2017,23.1,1.02098,0,7.27
7/25/2017,22.8,0.79155,0,7.26
7/26/2017,24.9,0.81417,0,8
7/27/2017,26.4,0.81546,0,7.87
7/28/2017,23.9,0.78633,0,6.5
7/29/2017,20.9,0.76447,0,7.13
7/30/2017,22.3,0.73599,0,6.63
7/31/2017,22.8,0.70882,0,7.24
8/1/2017,22.5,0.70418,0,7.28
8/2/2017,24.7,0.69886,0,6.98
8/3/2017,23.7,0.70154,0,5.87
8/4/2017,19,0.74463,0,3.94
8/5/2017,19.2,0.72503,0.8,5.57
8/6/2017,21.8,0.65916,0,6.06
8/7/2017,22.8,0.67817,0,6.81
8/8/2017,24.9,0.67806,0,7.5
8/9/2017,27.3,0.63678,0,7.97
8/10/2017,25.7,0.63031,0,6.94
8/11/2017,25.2,0.64412,0,8.23
8/12/2017,25,0.6299,0,6.42
8/13/2017,24.6,0.64747,0,6.5
8/14/2017,24.4,0.64383,0,6.38
8/15/2017,23.8,0.63107,0,6.58
8/16/2017,23.2,0.65164,0,5.51
8/17/2017,23.5,0.64933,0,5.66
8/18/2017,22.7,0.64829,0,4.61
8/19/2017,21.6,0.65897,0,4.39
8/20/2017,22.3,0.66663,16,5.21
8/21/2017,21.8,0.67365,0,4.77
8/22/2017,21.4,0.67977,0,5.02
8/23/2017,20.5,0.696,0,5.41
8/24/2017,21.1,0.6991,0,5.9
8/25/2017,21.2,0.66177,0,6.1
8/26/2017,19.3,0.67008,0,5.74
8/27/2017,20.3,0.65989,0,5.56
8/28/2017,20.2,0.69736,0,5.77
8/29/2017,20.5,0.6872,0,6.06
8/30/2017,21.4,0.68326,0,5.8
8/31/2017,18.8,0.67197,0,4.33
9/1/2017,19.4,0.71392,0,4.94
9/2/2017,20.6,0.74151,0,6.38
9/3/2017,21.1,0.74641,0,6.08
9/4/2017,22.8,0.73619,0,6.3
9/5/2017,23.4,0.71812,0,5.8
9/6/2017,20,0.74808,0,4.87
9/7/2017,15.7,0.75938,0,5.37
9/8/2017,17.6,0.7532,0,5.49
9/9/2017,21.3,0.75204,0,6.11
9/10/2017,21.8,0.73855,0,6.14
9/11/2017,22.3,0.72115,0,5.94
9/12/2017,23.9,0.69817,0,6.18
9/13/2017,24.2,0.66786,0,5.56
9/14/2017,23.8,0.70951,0,5.63
9/15/2017,23.4,0.70211,0,6.45
9/16/2017,25.3,0.73766,0,6.36
9/17/2017,25.6,0.68526,0,6.45
9/18/2017,24.8,0.68414,0,6.31
9/19/2017,23.3,0.72097,0,5.74
9/20/2017,22.1,0.73866,0,5.9
9/21/2017,23.8,0.73162,0,5.9
9/22/2017,20,0.75886,0,4.28
9/23/2017,16.4,0.79201,0,4.19
9/24/2017,15.9,0.82588,0,4.46
9/25/2017,17,0.80631,0,4.52
9/26/2017,19,0.57231,0,3.71
9/27/2017,17.1,0.4404,0,3.94
9/28/2017,16.4,0.40433,0,4.3
9/29/2017,16.6,0.42517,0,3.41
9/30/2017,15.1,0.44726,0,2.75
10/1/2017,14.4,0.49275,0,2.7
10/2/2017,12.3,0.54256,0,2.47
10/3/2017,11.3,0.55146,0,2.69
10/4/2017,9.8,0.55516,0,3.39
10/5/2017,9.1,0.55966,0,3.53
10/6/2017,10.8,0.56011,0,3.66
10/7/2017,14.2,0.57074,0,4.09
10/8/2017,17.2,0.57886,0,4.63
10/9/2017,13.6,0.60565,0,2.63
10/10/2017,11.1,0.58856,0,2.08
10/11/2017,9.3,0.59825,0,2.59
10/12/2017,9.5,0.60898,0,2.96
10/13/2017,9.7,0.59309,0,3.13
10/14/2017,9.3,0.5984,0,3.31
10/15/2017,9.7,0.59534,0,3.1
10/16/2017,9.5,0.55474,0,2.17
10/17/2017,11.5,0.58078,0,3.12
10/18/2017,10.4,0.58078,0,3.08
10/19/2017,11.1,0.61348,0,3.12
10/20/2017,11.3,0.61642,0,3.67
10/21/2017,11.5,0.63108,0,3.36
10/22/2017,12.2,0.64094,0,3.12
10/23/2017,12.8,0.61877,0,3.23
10/24/2017,14.8,0.60777,0,4.42
10/25/2017,12.9,0.5917,0,2.44
10/26/2017,12,0.60594,1.2,2.06
10/27/2017,9.3,0.5987,0,2.33
10/28/2017,12.1,0.58082,0,3.47
10/29/2017,9.4,0.57264,0,2
10/30/2017,8.4,0.58921,3.4,1.81
10/31/2017,6.1,0.59813,0,1.8
11/1/2017,3.7,0.61748,0,1.47
11/2/2017,1.6,0.63208,0,1.86
11/3/2017,4,0.63482,0,2.1
11/4/2017,5.7,0.62552,0,1.43
11/5/2017,5.9,0.89252,0.4,1.28
11/6/2017,4.9,0.89388,16.8,1.33
11/7/2017,5.5,0.72532,0,1.43
11/8/2017,5.3,0.69167,0,1.29
11/9/2017,4.9,0.68995,0,1.23
11/10/2017,5.9,0.68711,0,1.21
11/11/2017,5.6,0.68676,0,0.96
11/12/2017,7,0.67601,0,1.35
11/13/2017,8.7,0.65287,0,1.67
11/14/2017,11.4,0.63415,0,1.9
11/15/2017,8.7,0.64655,0,1.37
11/16/2017,7.1,0.65203,0,1.37
11/17/2017,8.4,0.65504,0,1.81
11/18/2017,8.9,0.64567,0,2.15
11/19/2017,10.6,0.63212,0,2.43
11/20/2017,6.4,0.63693,0,1.31
11/21/2017,1.3,0.70709,3.2,0.99
11/22/2017,-3.4,0.72932,8.6,0.94
11/23/2017,-2,0.70596,0.4,1.15
11/24/2017,2.1,0.68818,0,0.99
11/25/2017,1.7,0.70273,0,0.9
11/26/2017,3.6,0.70934,0,1.11
11/27/2017,3.8,0.70412,0,1.24
11/28/2017,5.5,0.69085,0,1.05
11/29/2017,5.4,0.7021,1.6,0.98
11/30/2017,2.5,0.70481,0,0.98
12/1/2017,5,0.71048,0,1.16
12/2/2017,6.4,0.71136,0,1.41
12/3/2017,8.5,0.70736,0,1.62
12/4/2017,8.5,0.70405,0,1.74
12/5/2017,5.7,0.70879,0,1.56
12/6/2017,-2.5,0.74381,2.2,0.54
12/7/2017,-5.3,0.74492,4.4,0.82
12/8/2017,-5.1,0.72853,3.4,0.83
12/9/2017,-0.1,0.7309,0,0.94
12/10/2017,0.9,0.73431,0,1.02
12/11/2017,3.3,0.72456,0,1.08
12/12/2017,5.5,0.71967,0,1.44
12/13/2017,5.4,0.71674,0,1.78
12/14/2017,3.7,0.72013,0,1.19
12/15/2017,4.5,0.72149,0,1
12/16/2017,4.3,0.71954,0,0.83
12/17/2017,5.9,0.70285,0,0.86
12/18/2017,6,0.70168,0,1.02
12/19/2017,6.3,0.70026,0,0.82
12/20/2017,6.7,0.73343,5.8,0.84
12/21/2017,5.4,0.73448,3.2,1.14
12/22/2017,7.1,0.72588,0.8,1.58
12/23/2017,11.5,0.71378,0.4,3.02
12/24/2017,-0.5,0.7537,0.2,0.48
12/25/2017,-1.3,0.74948,0.6,0.4
12/26/2017,2.1,0.74986,0,0.78
12/27/2017,5,0.7368,0,1.14
12/28/2017,6.5,0.71582,0,1.5
12/29/2017,5.6,0.71922,0,1.99
12/30/2017,5.2,0.72415,0,1.05
12/31/2017,1.4,0.77894,0,0.5
1/1/2018,0.6,0.84487,0,0.67
1/2/2018,2.4,0.79948,2.6,1.1
1/3/2018,3,0.77706,0,1.19
1/4/2018,1.6,1.11202,1.4,0.2
1/5/2018,1.6,1.0713,5.4,0.5
1/6/2018,1.1,1.04657,6.8,0.67
1/7/2018,1.2,1.00518,1.6,0.98
1/8/2018,1.3,0.90968,0,1.28
1/9/2018,1.8,0.87609,0,1.68
1/10/2018,-0.2,0.85223,0,1.1
1/11/2018,5.9,0.82274,0,1.82
1/12/2018,3.8,0.85478,0,0.96
1/13/2018,2.1,0.81026,0,1.08
1/14/2018,1.7,0.82594,0.2,0.3
1/15/2018,-1.2,0.81854,0.6,0.41
1/16/2018,-1.5,0.81044,1.2,0.89
1/17/2018,1.1,0.80547,0,0.75
1/18/2018,2.8,0.8137,0,1.71
1/19/2018,-5.3,0.88506,8.8,0.58
1/20/2018,-5.6,0.83942,9.4,0.85
1/21/2018,0.8,0.86907,1,0.75
1/22/2018,1.9,0.98382,0,1.2
1/23/2018,0.2,2.32181,2.6,0.45
1/24/2018,-2.1,1.69174,1.8,0.41
1/25/2018,-4.4,1.45562,3.4,0.31
1/26/2018,-4.3,1.3908,6,0.24
1/27/2018,-4.2,1.27089,9.2,0.21
1/28/2018,-3.9,1.22563,5,0.31
1/29/2018,-5.6,1.21043,0,0.69
1/30/2018,-4.5,1.19069,0,0.87
1/31/2018,-0.8,1.31155,0,1.27
2/1/2018,-1.9,1.4772,0,1.04
2/2/2018,-0.5,1.54725,0,1.16
2/3/2018,2.8,1.60317,0,1.05
2/4/2018,3.4,1.81407,0.2,0.92
2/5/2018,6,2.05314,0.4,1.58
2/6/2018,4.4,2.01756,0,1.42
2/7/2018,4.3,1.98198,0,1.48
2/8/2018,6.2,1.92049,0,1.72
2/9/2018,6.5,1.9554,0,1.72
2/10/2018,5.5,1.8943,0.2,1.84
2/11/2018,11.8,2.21608,0,4.63
2/12/2018,5.5,2.4439,0,1.51
2/13/2018,2.7,2.11486,1.8,1.15
2/14/2018,1.9,1.8836,2.8,1.34
2/15/2018,3.8,1.68284,0,1.69
2/16/2018,5.3,1.56322,0,1.65
2/17/2018,5.4,1.50498,0,1.23
2/18/2018,2.4,1.47802,0,1.39
2/19/2018,2.4,1.42993,0.4,2.09
2/20/2018,4.7,1.35995,0,1.74
2/21/2018,4.5,1.33286,0.8,1.55
2/22/2018,4.6,1.31357,1.2,1.51
2/23/2018,4.8,1.29197,0,2.02
2/24/2018,4.9,1.26421,0,2.05
2/25/2018,3.2,1.27368,0.4,1.37
2/26/2018,1.3,1.27855,2.6,1.16
2/27/2018,4.3,1.3624,4.2,1.89
2/28/2018,4.9,1.27708,0,2.49
3/1/2018,3.1,1.23465,0,1.02
3/2/2018,2.8,1.21105,0,2.25
3/3/2018,6.5,1.16614,0,1.84
3/4/2018,6.9,1.16735,0,1.22
3/5/2018,7.7,1.15736,0,2.27
3/6/2018,7.8,1.2074,3.2,2.69
3/7/2018,9.1,1.22216,3.4,2.65
3/8/2018,10.1,1.21314,2.4,3.53
3/9/2018,3.8,1.83084,6.6,1.32
3/10/2018,4.7,1.75976,10.4,1.87
3/11/2018,6.1,1.64821,0.2,2.7
3/12/2018,8,1.54999,0,2.56
3/13/2018,8.2,1.51189,0,2.54
3/14/2018,7.6,1.49209,0,2.65
3/15/2018,5.8,1.47526,0,2.04
3/16/2018,3.2,1.54005,2.2,1.87
3/17/2018,6.3,1.46818,0.6,3.38
3/18/2018,9.7,1.38887,0,3.48
3/19/2018,13,1.36843,0,4.9
3/20/2018,14.1,1.36003,0,4.27
3/21/2018,10.2,1.38559,0,3.6
3/22/2018,9.8,1.35332,0,3.67
3/23/2018,16.5,1.32374,0,7.39
3/24/2018,13.7,1.37768,0,5.39
3/25/2018,6,1.36047,0,2.47
3/26/2018,8.4,1.31442,0,3.46
3/27/2018,12.3,1.27662,0,5.5
3/28/2018,11.5,1.2835,0,4.03
3/29/2018,10,6.75786,7.2,3.59
3/30/2018,3.3,5.90603,2.8,0.95
3/31/2018,6.2,4.54985,0.2,3.11
4/1/2018,9.8,3.72063,0.2,3.56
4/2/2018,8.6,3.23899,0,3.79
4/3/2018,5.3,2.87957,0,3.46
4/4/2018,7.1,2.60493,0,3.95
4/5/2018,9.3,2.35094,0,4.27
4/6/2018,12.1,2.08657,0,4.76
4/7/2018,15.1,2.05067,0,5.41
4/8/2018,13.1,2.05176,0,4.12
4/9/2018,9.4,2.46712,2.4,2.47
4/10/2018,7.4,6.17713,16.8,2.4
4/11/2018,9.6,5.09096,13.4,2.99
4/12/2018,11.4,4.78031,6.8,2.96
4/13/2018,12.7,4.39809,7.6,3.92
4/14/2018,13.3,4.13026,0.4,3.47
4/15/2018,12.7,3.83922,0,4.47
4/16/2018,11.1,3.57846,0,4.69
4/17/2018,12.2,3.34706,0,5
4/18/2018,21.3,3.12305,0,5.15
4/19/2018,15.4,2.9248,0,5.19
4/20/2018,10.3,2.96267,0.4,2.48
4/21/2018,5.5,2.97561,3.8,1.42
4/22/2018,5.6,2.7216,3,3.61
4/23/2018,10.6,2.45381,0,4.55
4/24/2018,13.3,2.29824,0,4.4
4/25/2018,14.4,2.12608,0,4.95
4/26/2018,15.6,2.09058,0,4.96
4/27/2018,14.6,2.11568,0,3.2
4/28/2018,14.5,2.04756,0.4,5.13
4/29/2018,15.2,1.85271,0,5.36
4/30/2018,14.7,1.78879,0,4.18
5/1/2018,15.1,1.67971,0,4.97
5/2/2018,14.4,1.64788,1.6,4.13
5/3/2018,13.7,1.75444,0,3.78
5/4/2018,17,1.61144,0.8,5.48
5/5/2018,15.4,1.6033,0,3.22
5/6/2018,14.8,1.46604,0,5.37
5/7/2018,11.2,1.49262,0,3.03
5/8/2018,10.3,1.49078,0.8,3.37
5/9/2018,10.8,1.44877,2.4,2.48
5/10/2018,10.8,1.59234,8.6,3.41
5/11/2018,10.4,1.83785,0,2.2
5/12/2018,10.3,2.08336,2.6,2
5/13/2018,8.4,2.32887,8.6,2.98
5/14/2018,17.9,2.57438,0,4.93
5/15/2018,13.9,2.43509,0,5.32
5/16/2018,16.1,1.93906,0,5.32
5/17/2018,17.2,1.81253,0,5.8
5/18/2018,18.2,1.69411,0,5.05
5/19/2018,17.2,1.60327,0,3.82
5/20/2018,15.9,2.65279,0.8,3.86
5/21/2018,17,2.89741,0,4.88
5/22/2018,18.2,2.42227,0,5.02
5/23/2018,18,2.18362,0,5.7
5/24/2018,18.7,1.9731,0,6.21
5/25/2018,17.9,1.74997,0,5.34
5/26/2018,15.7,1.60441,0,4.68
5/27/2018,16.6,1.38187,0,6.51
5/28/2018,18.9,1.32033,1,6.22
5/29/2018,15.3,1.64712,0,3.06
5/30/2018,13.9,2.00278,2.2,3.13
5/31/2018,13.3,3.16645,0,2.38
6/1/2018,12.8,4.29969,8.6,2.45
6/2/2018,13.4,6.63629,10,2.49
6/3/2018,15.8,7.23539,2.6,4.86
6/4/2018,17,4.40544,0.2,4.54
6/5/2018,18,3.63021,0,6.06
6/6/2018,18.4,3.19245,0.6,5.05
6/7/2018,20.1,2.90895,0,6.87
6/8/2018,20.3,2.3622,0,6.66
6/9/2018,20.5,1.89679,0,7.09
6/10/2018,20.8,1.48689,0,6.39
6/11/2018,18.3,1.71908,0,4.3
6/12/2018,17.7,1.74292,19.8,4.44
6/13/2018,18,1.60999,0,4.83
6/14/2018,19.9,1.4724,0,6.21
6/15/2018,18.6,1.40126,0,4.31
6/16/2018,17.8,1.41991,6.6,2.06
6/17/2018,15.4,1.29787,0.4,1.32
6/18/2018,15.5,1.60324,0,0.66
6/19/2018,15.5,1.78919,10.4,1.17
6/20/2018,16.1,1.73949,1,1.21
6/21/2018,18.4,1.42533,0,1.8
6/22/2018,17.7,1.13869,1.6,2.24
6/23/2018,19.8,0.98082,0,3.03
6/24/2018,19.3,0.8754,0,2.14
6/25/2018,18.9,0.8788,0,3.13
6/26/2018,20,0.86715,1.6,5.79
6/27/2018,22.4,0.78269,0,6.21
6/28/2018,23.3,0.70967,0,6.54
6/29/2018,20,0.65642,0,6.21
6/30/2018,19.2,0.5793,0,5.84
7/1/2018,20.5,0.56161,0,6.5
7/2/2018,23.2,0.53103,0,6.34
7/3/2018,24.4,0.52448,0,7.65
7/4/2018,23.3,0.46313,0,7.71
7/5/2018,21.8,0.40417,0,7.04
7/6/2018,20.7,0.42769,0,6.93
7/7/2018,21.3,0.37542,0,7.05
7/8/2018,23,0.32696,0,7.13
7/9/2018,23.5,0.32426,0,7.42
7/10/2018,22.5,0.32955,0,6.99
7/11/2018,24.3,0.34706,0,7.09
7/12/2018,23.6,0.36771,0,6.35
7/13/2018,24.9,0.34248,0,7.55
7/14/2018,22.3,0.30836,0,6.25
7/15/2018,21.4,0.34889,0,5.79
7/16/2018,20.4,0.3633,0,6.8
7/17/2018,20.9,0.37057,0,7.72
7/18/2018,21.7,0.37729,0,7.15
7/19/2018,22.2,0.39626,0,6.53
7/20/2018,21.2,0.37307,0,5.53
7/21/2018,21.6,0.33651,0,6.95
7/22/2018,22,0.31885,0,6.65
7/23/2018,22.5,0.3308,0,7.42
7/24/2018,22.8,0.32526,0,6.19
7/25/2018,21.6,0.31608,0,6.93
7/26/2018,20.8,0.31328,0,5.24
7/27/2018,22.1,0.31829,0,5.83
7/28/2018,21.2,0.30669,0,5.16
7/29/2018,22.4,0.28799,1,5.19
7/30/2018,23.3,0.30136,0.8,5.43
7/31/2018,23.4,0.29978,0,5.78
8/1/2018,21.7,0.29752,0,5.71
8/2/2018,24.2,0.31029,0,6.39
8/3/2018,23.1,0.3374,0,5.92
8/4/2018,22.7,0.33097,0,6.37
8/5/2018,22.8,0.32485,0,4.58
8/6/2018,23,0.3195,0,6.48
8/7/2018,23.1,0.33338,0,6.84
8/8/2018,22.1,0.30771,0,6.34
8/9/2018,20.1,0.29124,0,5.67
8/10/2018,20.6,0.30093,0,6.14
8/11/2018,19.1,0.29137,0,5.4
8/12/2018,19.9,0.297,0,6.53
8/13/2018,20.2,0.2979,0,6.64
8/14/2018,20.2,0.28247,0,6.95
8/15/2018,20.9,0.28882,0,6.93
8/16/2018,22.5,0.26416,0,7.21
8/17/2018,23.8,0.26228,0,6.78
8/18/2018,23.8,0.26312,0,6.55
8/19/2018,22.2,0.25754,0,6.15
8/20/2018,20.7,0.24323,0,6.65
8/21/2018,21.49,0.2455,0,6.43
8/22/2018,22.16,0.24613,0,6.12
8/23/2018,21.37,0.23484,0,6.72
8/24/2018,23.62,0.20744,0,6.69
8/25/2018,23.6,0.20331,0,6.43
8/26/2018,22.17,0.20407,0,5.75
8/27/2018,22.41,0.20868,0,6.05
8/28/2018,21.8,0.21615,0,6.31
8/29/2018,20.77,0.22693,0,5.29
8/30/2018,21.42,0.25687,0,5.9
8/31/2018,23,0.2402,0,6.38
9/1/2018,23.5,0.22086,0,6.63
9/2/2018,23,0.20418,0,6.54
9/3/2018,21.7,0.2273,0,6.27
9/4/2018,21.3,0.19945,0,5.9
9/5/2018,22.7,0.19406,0,5.76
9/6/2018,20.9,0.24274,0,4.35
9/7/2018,18.2,0.25892,0,4.18
9/8/2018,17.5,0.27578,0,5.04
9/9/2018,17,0.28843,0,5.02
9/10/2018,17.7,0.30122,0,3.59
9/11/2018,16.5,0.29867,0,1.87
9/12/2018,17.7,0.26821,0,2.52
9/13/2018,22.8,0.25952,0,6.65
9/14/2018,18.2,0.28082,0,1.92
9/15/2018,16.5,0.29936,0,1.98
9/16/2018,17.1,0.29205,0,2.23
9/17/2018,17.8,0.30758,0,2.63
9/18/2018,16.5,0.28936,0,2.24
9/19/2018,17.5,0.28746,0,2.17
9/20/2018,18.3,0.30699,0,2.73
9/21/2018,18,0.29675,0,3.06
9/22/2018,18,0.30761,0,3.41
9/23/2018,18.1,0.30108,0,3.31
9/24/2018,18.8,0.30861,0,2.82
9/25/2018,19.5,0.26963,0,3.5
9/26/2018,17.3,0.34353,0,2.17
9/27/2018,13.8,0.3324,0,3.68
9/28/2018,15.1,0.36222,0,3.79
9/29/2018,17.5,0.34574,0,4.02
9/30/2018,15.5,0.34744,0,1.82
